{
  "name": "djbdns",
  "description": "Installs djbdns and configures DNS services",
  "long_description": "",
  "maintainer": "Opscode, Inc.",
  "maintainer_email": "cookbooks@opscode.com",
  "license": "Apache 2.0",
  "platforms": {
    "ubuntu": ">= 0.0.0",
    "debian": ">= 0.0.0",
    "centos": ">= 0.0.0",
    "rhel": ">= 0.0.0",
    "arch": ">= 0.0.0"
  },
  "dependencies": {
    "build-essential": ">= 0.0.0",
    "daemontools": ">= 0.0.0",
    "bluepill": ">= 0.0.0",
    "ucspi-tcp": ">= 0.0.0",
    "runit": "<= 0.16.2"
  },
  "recommendations": {
  },
  "suggestions": {
  },
  "conflicting": {
  },
  "providing": {
  },
  "replacing": {
  },
  "attributes": {
    "djbdns/tinydns_ipaddress": {
      "display_name": "DJB DNS TinyDNS IP Address",
      "description": "Specify the IP address for TinyDNS",
      "default": "127.0.0.1",
      "choice": [

      ],
      "calculated": false,
      "type": "string",
      "required": "optional",
      "recipes": [

      ]
    },
    "djbdns/tinydns_internal_ipaddress": {
      "display_name": "DJB DNS TinyDNS Internal IP Address",
      "description": "Specify the IP address for internal TinyDNS",
      "default": "127.0.0.1",
      "choice": [

      ],
      "calculated": false,
      "type": "string",
      "required": "optional",
      "recipes": [

      ]
    },
    "djbdns/axfrdns_ipaddress": {
      "display_name": "DJB DNS AXFR IP Address",
      "description": "Specify the IP address for AXFR service",
      "default": "127.0.0.1",
      "choice": [

      ],
      "calculated": false,
      "type": "string",
      "required": "optional",
      "recipes": [

      ]
    },
    "djbdns/public_dnscache_ipaddress": {
      "display_name": "DJB DNS Public DNS Cache IP Address",
      "description": "Specify the IP address for the public dnscache",
      "default": "ipaddress",
      "choice": [

      ],
      "calculated": false,
      "type": "string",
      "required": "optional",
      "recipes": [

      ]
    },
    "djbdns/public_dnscache_allowed_networks": {
      "display_name": "DJB DNS Public DNS Cache Allowed Networks",
      "description": "Networks allowed to query the public dnscache",
      "type": "array",
      "default": [
        "ipaddress.split('.')[0,2].join('.')"
      ],
      "choice": [

      ],
      "calculated": false,
      "required": "optional",
      "recipes": [

      ]
    },
    "djbdns/tinydns_internal_resolved_domain": {
      "display_name": "DJB DNS TinyDNS Internal Resolved Domain",
      "description": "Internal domain TinyDNS is resolver",
      "default": "domain",
      "choice": [

      ],
      "calculated": false,
      "type": "string",
      "required": "optional",
      "recipes": [

      ]
    },
    "djbdns/tinydns_internal_resolved_reverse_domains": {
      "display_name": "DJB DNS TinyDNS Internal Resolved Reverse Domains",
      "description": "Internal IP (in-addr.arpa) domains TinyDNS is resolver for",
      "default": [
        "10.in-addr.arpa",
        "16.172.in-addr.arpa",
        "17.172.in-addr.arpa",
        "18.172.in-addr.arpa",
        "19.172.in-addr.arpa",
        "20.172.in-addr.arpa",
        "21.172.in-addr.arpa",
        "22.172.in-addr.arpa",
        "23.172.in-addr.arpa",
        "24.172.in-addr.arpa",
        "25.172.in-addr.arpa",
        "26.172.in-addr.arpa",
        "27.172.in-addr.arpa",
        "28.172.in-addr.arpa",
        "29.172.in-addr.arpa",
        "30.172.in-addr.arpa",
        "31.172.in-addr.arpa",
        "168.192.in-addr.arpa",
        "0.in-addr.arpa",
        "127.in-addr.arpa",
        "254.169.in-addr.arpa",
        "2.0.192.in-addr.arpa",
        "100.51.198.in-addr.arpa",
        "113.0.203.in-addr.arpa",
        "255.255.255.255.in-addr.arpa"
      ],
      "choice": [

      ],
      "calculated": false,
      "type": "string",
      "required": "optional",
      "recipes": [

      ]
    },
    "djbdns/bin_dir": {
      "display_name": "DJB DNS Binaries Directory",
      "description": "Location of the djbdns binaries",
      "default": "/usr/local/bin",
      "choice": [

      ],
      "calculated": false,
      "type": "string",
      "required": "optional",
      "recipes": [

      ]
    }
  },
  "groupings": {
  },
  "recipes": {
    "djbdns": "Installs djbdns from package or source and creates users",
    "djbdns::axfr": "Sets up djbdns AXFR service",
    "djbdns::cache": "Sets up public dnscache service",
    "djbdns::internal_server": "Sets up internal TinyDNS",
    "djbdns::server": "Sets up external TinyDNS"
  },
  "version": "1.0.2"
}