{
  "name": "ucspi-tcp",
  "description": "Installs ucspi-tcp",
  "long_description": "Description\n===========\n\nInstalls DJB's ucspi-tcp software.\n\nRequirements\n============\n\nShould work on ArchLinux, Debian and Ubuntu. Source installation may work on Red Hat family distributions.\n\nRequires build-essential cookbook.\n\nUsage\n=====\n\nInclude the ucspi-tcp recipe in the run list. The recipe will automatically detect the platform and attempt to install based on what should be available.\n\nLicense and Author\n==================\n\nAuthor: Joshua Timberman (<joshua@opscode.com>)\n\nCopyright 2010, Opscode, Inc.\n\nLicensed under the Apache License, Version 2.0 (the \"License\");\nyou may not use this file except in compliance with the License.\nYou may obtain a copy of the License at\n\n    http://www.apache.org/licenses/LICENSE-2.0\n\nUnless required by applicable law or agreed to in writing, software\ndistributed under the License is distributed on an \"AS IS\" BASIS,\nWITHOUT WARRANTIES OR CONDITIONS OF ANY KIND, either express or implied.\nSee the License for the specific language governing permissions and\nlimitations under the License.\n",
  "maintainer": "Opscode, Inc.",
  "maintainer_email": "cookbooks@opscode.com",
  "license": "Apache 2.0",
  "platforms": {
    "ubuntu": ">= 0.0.0",
    "debian": ">= 0.0.0",
    "centos": ">= 0.0.0",
    "rhel": ">= 0.0.0",
    "arch": ">= 0.0.0"
  },
  "dependencies": {
    "build-essential": ">= 0.0.0"
  },
  "recommendations": {
  },
  "suggestions": {
  },
  "conflicting": {
  },
  "providing": {
  },
  "replacing": {
  },
  "attributes": {
  },
  "groupings": {
  },
  "recipes": {
    "ucspi-tcp": "Installs ucspi-tcp"
  },
  "version": "1.0.2"
}